stats	/api/stats	200	application/json
stats-builds	/api/stats/builds	200	application/json
categories	/api/categories	200	application/json
categories-build	/api/categories?type=Build	200	application/json
mods-default	/api/mods	200	application/json
mods-redmanager-p1	/api/mods?&approved=true&orderby=newest&page=1&nsfw=false	200	application/json
mods-redmanager-unapproved	/api/mods?&approved=false&orderby=newest&page=1&nsfw=false	200	application/json
mods-redmanager-search	/api/mods?&approved=true&orderby=newest&page=1&nsfw=false&search=kelvin	200	application/json
mods-updateschecker-modids	/api/mods?limit=5&modIds=AxelModMenu,SonsAxLib,UpdatesChecker,ItemSpawner,BuildShare	200	application/json
mods-updateschecker-page	/api/mods?&page=2	200	application/json
mods-frontend-list	/api/mods?nsfw=false&approved=true&orderby=newest&limit=16&type=Mod	200	application/json
mods-type-build	/api/mods?nsfw=false&approved=true&orderby=newest&limit=16&type=Build	200	application/json
mods-user	/api/mods?userSlug=imaxel&limit=100&approved=true	200	application/json
mods-limit0	/api/mods?limit=0	200	application/json
mods-limit-invalid	/api/mods?limit=abc	500	application/json
featured	/api/mods/featured	200	application/json
builds-featured	/api/builds/featured	200	application/json
mod-by-id	/api/mods/AxelModMenu	200	application/json
mod-by-id-build	/api/mods/e215ede2e4d742398c72aaca62496c10	200	application/json
mod-by-slug	/api/mods/slug/imaxel/axel's-mod-menu	200	application/json
mod-find	/api/mods/find?userSlug=imaxel&mod_slug=axel's-mod-menu	200	application/json
mod-find-missing-param	/api/mods/find?userSlug=imaxel	422	application/json
mod-404	/api/mods/DoesNotExist123	404	application/json
check-outdated	/api/mods/AxelModMenu/check?version=1.3.7	200	application/json
check-current	/api/mods/AxelModMenu/check?version=1.3.8	200	application/json
check-noversion	/api/mods/AxelModMenu/check	200	application/json
check-invalid	/api/mods/AxelModMenu/check?version=notsemver	500	application/json
check-build-uuid	/api/mods/e215ede2e4d742398c72aaca62496c10/check?version=1.0.0	500	application/json
check-404	/api/mods/DoesNotExist123/check?version=1.0.0	404	application/json
user	/api/users/imaxel	200	application/json
user-stats	/api/users/imaxel/stats	200	application/json
user-404	/api/users/nobody-xyz-123	404	application/json
comments	/api/comments?mod_id=20	200	application/json
comments-noparam	/api/comments	500	application/json
download-stats-week	/api/mods/AxelModMenu/download-stats?period=week	200	application/json
download-stats-invalid	/api/mods/AxelModMenu/download-stats?period=year	422	application/json
auth-check-noauth	/api/auth/check	500	application/json
route-404	/api/nonexistent-route	404	application/json
